{
  "state": {
    "isStdOutTTY": false,
    "isStdErrTTY": false,
    "testRunDurationMs": 7993.133543
  },
  "metrics": {
    "iteration_duration": {
      "type": "trend",
      "contains": "time",
      "values": {
        "max": 3812.590123,
        "p(90)": 3730.3090757,
        "p(95)": 3771.44959935,
        "avg": 3401.1848865,
        "min": 2989.77965,
        "med": 3401.1848865
      }
    },
    "http_req_connecting": {
      "values": {
        "med": 68.366969,
        "max": 74.656089,
        "p(90)": 72.4916558,
        "p(95)": 73.5738724,
        "avg": 42.453612799999995,
        "min": 0
      },
      "type": "trend",
      "contains": "time"
    },
    "checks": {
      "contains": "default",
      "values": {
        "passes": 12,
        "fails": 0,
        "rate": 1
      },
      "type": "rate"
    },
    "group_duration": {
      "values": {
        "p(95)": 1849.6233885000001,
        "avg": 1757.464878,
        "min": 1655.066533,
        "med": 1757.464878,
        "max": 1859.863223,
        "p(90)": 1839.383554
      },
      "type": "trend",
      "contains": "time"
    },
    "checkout_total_count": {
      "type": "counter",
      "contains": "default",
      "values": {
        "rate": 0.25021476111224283,
        "count": 2
      }
    },
    "checkout_rpc_duration": {
      "contains": "time",
      "values": {
        "avg": 253.5,
        "min": 138,
        "med": 253.5,
        "max": 369,
        "p(90)": 345.9,
        "p(95)": 357.45
      },
      "thresholds": {
        "p(99)<8000": {
          "ok": true
        },
        "p(95)<3000": {
          "ok": true
        }
      },
      "type": "trend"
    },
    "http_req_waiting": {
      "type": "trend",
      "contains": "time",
      "values": {
        "p(90)": 314.61522080000003,
        "p(95)": 343.62198639999997,
        "avg": 224.2407816,
        "min": 138.333859,
        "med": 216.388636,
        "max": 372.628752
      }
    },
    "http_req_receiving": {
      "type": "trend",
      "contains": "time",
      "values": {
        "avg": 4.200845800000001,
        "min": 0.081518,
        "med": 0.548771,
        "max": 10.264731,
        "p(90)": 10.169539,
        "p(95)": 10.217134999999999
      }
    },
    "http_req_duration": {
      "type": "trend",
      "contains": "time",
      "values": {
        "avg": 228.6319602,
        "min": 138.570462,
        "med": 216.696326,
        "max": 373.454785,
        "p(90)": 319.1642274,
        "p(95)": 346.3095062
      }
    },
    "http_req_blocked": {
      "values": {
        "p(95)": 228.8190712,
        "avg": 109.8228162,
        "min": 0.00067,
        "med": 149.079018,
        "max": 248.02062,
        "p(90)": 209.6175224
      },
      "type": "trend",
      "contains": "time"
    },
    "data_sent": {
      "type": "counter",
      "contains": "data",
      "values": {
        "count": 7294,
        "rate": 912.5332337763496
      }
    },
    "data_received": {
      "type": "counter",
      "contains": "data",
      "values": {
        "count": 23863,
        "rate": 2985.4374222107253
      }
    },
    "http_req_sending": {
      "type": "trend",
      "contains": "time",
      "values": {
        "avg": 0.19033280000000002,
        "min": 0.106716,
        "med": 0.187369,
        "max": 0.277262,
        "p(90)": 0.256826,
        "p(95)": 0.267044
      }
    },
    "checkout_success_count": {
      "type": "counter",
      "contains": "default",
      "values": {
        "rate": 0.25021476111224283,
        "count": 2
      }
    },
    "vus_max": {
      "type": "gauge",
      "contains": "default",
      "values": {
        "value": 1,
        "min": 1,
        "max": 1
      }
    },
    "iterations": {
      "type": "counter",
      "contains": "default",
      "values": {
        "count": 2,
        "rate": 0.25021476111224283
      }
    },
    "http_req_tls_handshaking": {
      "type": "trend",
      "contains": "time",
      "values": {
        "max": 87.488558,
        "p(90)": 85.87445079999999,
        "p(95)": 86.6815044,
        "avg": 49.0361834,
        "min": 0,
        "med": 74.239069
      }
    },
    "http_reqs": {
      "type": "counter",
      "contains": "default",
      "values": {
        "count": 5,
        "rate": 0.625536902780607
      }
    },
    "http_req_duration{expected_response:true}": {
      "type": "trend",
      "contains": "time",
      "values": {
        "p(90)": 319.1642274,
        "p(95)": 346.3095062,
        "avg": 228.6319602,
        "min": 138.570462,
        "med": 216.696326,
        "max": 373.454785
      }
    },
    "checkout_fail_rate": {
      "type": "rate",
      "contains": "default",
      "values": {
        "passes": 0,
        "fails": 0,
        "rate": 0
      },
      "thresholds": {
        "rate<0.05": {
          "ok": true
        }
      }
    },
    "vus": {
      "type": "gauge",
      "contains": "default",
      "values": {
        "value": 1,
        "min": 1,
        "max": 1
      }
    },
    "http_req_failed": {
      "type": "rate",
      "contains": "default",
      "values": {
        "fails": 5,
        "rate": 0,
        "passes": 0
      },
      "thresholds": {
        "rate<0.10": {
          "ok": true
        }
      }
    }
  },
  "setup_data": {
    "preStock": [
      {
        "id": "e936081f-de57-4dab-a860-c998893f4dfd",
        "name": "12",
        "stock": 4
      },
      {
        "id": "6cff6435-3ec4-4de2-a7f6-edaa80d87095",
        "name": "acne free 0.025% 30 gm ()",
        "stock": 54
      },
      {
        "id": "80ab880f-ef74-42d9-9f5b-f4a2d36d0bc8",
        "name": "acne free 0.05% 30 gm",
        "stock": 141
      },
      {
        "id": "226e200e-761d-46f7-9d66-573ae5a22a56",
        "name": "actozone 30mg 10",
        "stock": 55
      },
      {
        "stock": 144,
        "id": "63f1feb5-585e-4618-8133-70046c59529b",
        "name": "actozone 45mg 10"
      },
      {
        "name": "alkapress 10/160mg 20",
        "stock": 80,
        "id": "cac83bd0-4f37-48d6-bc92-839253868c9e"
      },
      {
        "id": "da7d9636-0de5-49ee-8301-9f091c2b424e",
        "name": "alkapress 10mg 30",
        "stock": 354
      },
      {
        "id": "691ddbef-980c-4ba8-ae47-7029258ced23",
        "name": "alkapress 5mg 20",
        "stock": 263
      },
      {
        "id": "6da2791e-db98-4dfe-a18c-2738c9c8c404",
        "name": "alkapress trio 10/320/25mg 14",
        "stock": 84
      },
      {
        "id": "ca4311ca-72f4-4609-9ae7-82d8737f189e",
        "name": "alkapress trio 5/160/12.5mg 14",
        "stock": 54
      },
      {
        "id": "a8a2ddb4-356c-40a3-a94f-891ee2e83b8c",
        "name": "alkapress trio 5/160/25mg 14",
        "stock": 242
      },
      {
        "id": "1cb4733f-9c57-4a1e-b3ba-0bf4062104fe",
        "name": "alucal 320mg 20",
        "stock": 173
      },
      {
        "id": "f51a7192-dec4-497e-ba55-8be9e9428cec",
        "name": "amikacin 500mg (Amoun)",
        "stock": 83
      },
      {
        "id": "56cc8d1a-8513-41b2-b2ba-24893bb36100",
        "name": "amikacin amoun 100mg/2ml",
        "stock": 79
      },
      {
        "id": "90125c85-2f79-43da-b85b-21431e3774ad",
        "name": "amocomb 15 gm",
        "stock": 87
      },
      {
        "id": "47349753-ee38-4fd2-9fb0-dfea858150dd",
        "name": "amoflam 100mg 10",
        "stock": 32
      },
      {
        "stock": 348,
        "id": "5c8896b2-d2bd-411f-ab7f-6dff2eedad82",
        "name": "amophage 500mg 30"
      },
      {
        "id": "96919c9d-c79e-496b-906a-34dd84be0dd8",
        "name": "amosar 25mg 20",
        "stock": 82
      },
      {
        "name": "amostigmine 0.5mg/ml 3",
        "stock": 223,
        "id": "32698f30-bfea-4cd8-84de-d9fac2f150c3"
      },
      {
        "id": "e0d821df-cf5e-4b0e-b8dc-8466f2a596e6",
        "name": "amostigmine 15 mg 20",